ID1,ID2,Distance
JF683805,JF683805,0
HQ026615,HQ026615,0
DQ676886,DQ676886,0
AY255824,AY255824,0
GQ371906,GQ371906,0
JQ028340,JQ028340,0
JF683808,JF683808,0
JQ028344,JQ028344,0
HQ026623,HQ026623,0
GQ371908,GQ371908,0
AB485646,AB485646,0
AF110961,AF110961,0
DQ164108,DQ164108,0
AY561236,AY561236,0
EU786675,EU786675,0
EF036530,EF036530,0
HQ215553,HQ215553,0
HQ026624,HQ026624,0
JQ028349,JQ028349,0
AY561238,AY561238,0
AB485662,AB485662,0
GQ371926,GQ371926,0
HQ215554,HQ215554,0
EF178324,EF178324,0
HQ026626,HQ026626,0
EU786676,EU786676,0
JQ028354,JQ028354,0
DQ164114,DQ164114,0
HQ215555,HQ215555,0
FJ771006,FJ771006,0
AY253307,AY253307,0
HM776939,HM776939,0
EF178338,EF178338,0
HQ215578,HQ215578,0
EU786677,EU786677,0
DQ164115,DQ164115,0
FJ771008,FJ771008,0
GQ371928,GQ371928,0
EU839598,EU839598,0
HQ215579,HQ215579,0
JQ028358,JQ028358,0
HQ215579,JQ901061,0.0121557
AF443076,AF443076,0
DQ164118,DQ164118,0
EU786680,EU786680,0
FJ771009,FJ771009,0
JQ028361,JQ028361,0
EU839600,EU839600,0
HQ215581,HQ215581,0
EF178339,EF178339,0
GQ371929,GQ371929,0
AY253309,AY253309,0
DQ164119,DQ164119,0
AF443080,AF443080,0
JQ028362,JQ028362,0
FJ771010,FJ771010,0
EU293445,EU293445,0
GQ371932,GQ371932,0
EF178353,EF178353,0
JQ028364,JQ028364,0
AY253310,AY253310,0
AB480698,AB480698,0
DQ164120,DQ164120,0
AF443100,AF443100,0
HQ215585,HQ215585,0
EU293450,EU293450,0
EU839601,EU839601,0
GQ371933,GQ371933,0
JQ028365,JQ028365,0
AB480048,AB480048,0
EF178358,EF178358,0
DQ164122,DQ164122,0
AY253311,AY253311,0
FJ195089,FJ195089,0
AF443102,AF443102,0
JQ028372,JQ028372,0
GQ371937,GQ371937,0
FJ711703,FJ711703,0
HQ215586,HQ215586,0
DQ164129,DQ164129,0
EU735535,EU735535,0
EF178359,EF178359,0
EU839602,EU839602,0
AY358044,AY358044,0
AY358044,AY358045,0.00672749
AF443112,AF443112,0
GQ371939,GQ371939,0
JQ028382,JQ028382,0
DQ275645,DQ275645,0
EU735538,EU735538,0
JQ028382,JQ901073,0.012852
JQ028382,JQ901076,0.0128639
JN235958,JN235958,0
EF178362,EF178362,0
GQ371941,GQ371941,0
EU839603,EU839603,0
FJ185228,FJ185228,0
FJ185228,FJ185231,0.00403055
FJ185228,FJ185234,0.00807514
FJ185228,FJ185236,0.00876631
FJ185228,FJ185255,0.0135195
JN251901,JN251901,0
AY358045,AY358045,0
FJ185228,JQ302594,0.0136099
AJ249236,AJ249236,0
FJ185228,JX112812,0.012153
JQ028384,JQ028384,0
FJ185228,LC101032,0.0129784
FJ185231,FJ185231,0
FJ185231,FJ185234,0.00536841
FJ185231,FJ185236,0.00741091
FJ185231,FJ185255,0.0107863
JF340054,JF340054,0
FJ185231,JQ302583,0.0129067
FJ185231,JQ302594,0.010853
FJ185231,JX112812,0.00942578
EU839604,EU839604,0
AY358048,AY358048,0
AJ249237,AJ249237,0
FJ185231,LC100941,0.0142973
FJ185231,LC101032,0.0116004
FJ185234,FJ185234,0
FJ185234,FJ185236,0.0114823
JQ028391,JQ028391,0
DQ275661,DQ275661,0
FJ185234,JQ302594,0.0135646
EF178375,EF178375,0
FJ185234,JX112812,0.0135067
EU839605,EU839605,0
FJ185234,LC100941,0.0129105
FJ185234,LC101032,0.0115732
JN687677,JN687677,0
AF075703,AF075703,0
FJ185236,FJ185236,0
GQ371943,GQ371943,0
DQ351223,DQ351223,0
EU735539,EU735539,0
JN248580,JN248580,0
FJ185242,FJ185242,0
JN944905,JN944905,0
AY358051,AY358051,0
EU735540,EU735540,0
DQ351224,DQ351224,0
JN248581,JN248581,0
GQ371945,GQ371945,0
EF178393,EF178393,0
JN944909,JN944909,0
FJ185246,FJ185246,0
FJ185246,FJ185255,0.010136
JN248590,JN248590,0
FJ213780,FJ213780,0
DQ351229,DQ351229,0
AY358060,AY358060,0
JN944928,JN944928,0
JF320018,JF320018,0
GQ371946,GQ371946,0
FJ185255,FJ185255,0
JN248591,JN248591,0
FJ185255,JX112812,0.010791
EF178406,EF178406,0
AF077336,AF077336,0
FJ469684,FJ469684,0
DQ351231,DQ351231,0
JQ235012,JQ235012,0
JQ235012,JQ235014,0.0122426
AY455778,AY455778,0
GQ256634,GQ256634,0
JQ235012,JQ901073,0.0101735
JQ235012,JQ901076,0.0108634
JN692435,JN692435,0
GQ371961,GQ371961,0
JQ235012,KT192020,0.0129364
FJ469689,FJ469689,0
DQ351237,DQ351237,0
JQ235014,JQ235014,0
GQ999978,GQ999978,0
JF320126,JF320126,0
JQ235014,JQ901073,0.0108344
JQ235014,JQ901076,0.0108361
JN692443,JN692443,0
AY455781,AY455781,0
AF193253,AF193253,0
JQ235014,KT192020,0.0129027
FJ469690,FJ469690,0
JQ235018,JQ235018,0
GQ999980,GQ999980,0
JN692446,JN692446,0
DQ369976,DQ369976,0
JF320130,JF320130,0
DQ845388,DQ845388,0
AY331282,AY331282,0
JN692454,JN692454,0
GQ999984,GQ999984,0
GQ371962,GQ371962,0
DQ369982,DQ369982,0
U52953,U52953,0
JF320159,JF320159,0
JQ235019,JQ235019,0
DQ354120,DQ354120,0
JN692455,JN692455,0
FJ469697,FJ469697,0
GQ999985,GQ999985,0
DQ369986,DQ369986,0
GQ371977,GQ371977,0
JN397363,JN397363,0
JF320182,JF320182,0
AF069671,AF069671,0
JN692461,JN692461,0
FJ469698,FJ469698,0
JQ292896,JQ292896,0
JF320269,JF320269,0
JN692467,JN692467,0
AY331285,AY331285,0
GQ371985,GQ371985,0
DQ369989,DQ369989,0
GQ999987,GQ999987,0
EF116594,EF116594,0
AF069672,AF069672,0
FJ469699,FJ469699,0
JF320297,JF320297,0
JN692480,JN692480,0
GQ999988,GQ999988,0
DQ369991,DQ369991,0
FJ469702,FJ469702,0
JN024436,JN024436,0
GQ372005,GQ372005,0
AF286365,AF286365,0
EF614151,EF614151,0
JX500701,JX500701,0
JX500701,JX500704,0.0141974
FJ623483,FJ623483,0
DQ369993,DQ369993,0
JN024463,JN024463,0
JX500701,KJ197202,0.0138846
FJ469706,FJ469706,0
JX500704,JX500704,0
AY331291,AY331291,0
GQ372030,GQ372030,0
FJ183725,FJ183725,0
EU697906,EU697906,0
AY125894,AY125894,0
JN882652,JN882652,0
JX500704,KJ197202,0.0117625
DQ396369,DQ396369,0
FJ469708,FJ469708,0
JX500709,JX500709,0
JF320366,JF320366,0
GQ372987,GQ372987,0
JN860761,JN860761,0
AF377954,AF377954,0
GQ372043,GQ372043,0
JQ028202,JQ028202,0
DQ396373,DQ396373,0
EF363127,EF363127,0
FJ469712,FJ469712,0
JF320400,JF320400,0
JQ316126,JQ316126,0
GU201500,GU201500,0
JQ028216,JQ028216,0
JQ316126,KJ140256,0.013523
JQ316126,KJ140257,0.0107935
JQ316126,KJ140261,0.0135424
DQ396374,DQ396374,0
FJ469720,FJ469720,0
AF377956,AF377956,0
AY331295,AY331295,0
JF320577,JF320577,0
JQ316128,JQ316128,0
GU201508,GU201508,0
JQ028221,JQ028221,0
JQ316128,KJ140256,0.0142512
JQ316128,KJ140257,0.0115156
JQ316128,KJ140261,0.0142919
JQ028221,JQ302698,0.0135416
JQ028221,JQ302714,0.0142353
JQ028221,JQ302717,0.0129043
DQ396376,DQ396376,0
FJ469728,FJ469728,0
JQ316132,JQ316132,0
AY900571,AY900571,0
GQ372061,GQ372061,0
AF377957,AF377957,0
GU201516,GU201516,0
JQ028226,JQ028226,0
JF320627,JF320627,0
AY322193,AY322193,0
JQ316135,JQ316135,0
DQ396380,DQ396380,0
JQ028237,JQ028237,0
FN392876,FN392876,0
FJ469731,FJ469731,0
AY900572,AY900572,0
JF804811,JF804811,0
AF084936,AF084936,0
JQ028240,JQ028240,0
DQ396383,DQ396383,0
AY560110,AY560110,0
JF689857,JF689857,0
HM586209,HM586209,0
JF804812,JF804812,0
AY900576,AY900576,0
AY900576,AY900581,0.0107993
JF689860,JF689860,0
AF408629,AF408629,0
AY727525,AY727525,0
HM586212,HM586212,0
JN417237,JN417237,0
JQ028242,JQ028242,0
FJ469741,FJ469741,0
GQ372067,GQ372067,0
JF689865,JF689865,0
DQ396390,DQ396390,0
GQ845125,GQ845125,0
JN417239,JN417239,0
JQ028257,JQ028257,0
AY900578,AY900578,0
JF689867,JF689867,0
AF408630,AF408630,0
AY795904,AY795904,0
FJ469756,FJ469756,0
JN417240,JN417240,0
GU564222,GU564222,0
JQ028266,JQ028266,0
DQ396391,DQ396391,0
AY900579,AY900579,0
AY900579,AY900581,0.0135206
JF689872,JF689872,0
JQ403035,JQ403035,0
JQ028284,JQ028284,0
AY008715,AY008715,0
AY008715,AF286229,0.0128224
GQ477441,GQ477441,0
FJ469759,FJ469759,0
AY008715,JQ028289,0.0121608
AY008715,AB746344,0.010097
AY008715,JQ302602,0.0135152
AY900581,AY900581,0
JQ403102,JQ403102,0
GQ372072,GQ372072,0
JQ028285,JQ028285,0
AY795908,AY795908,0
GQ477444,GQ477444,0
GQ477444,GQ477447,0.0122121
JF689874,JF689874,0
AY037269,AY037269,0
FJ496081,FJ496081,0
JX140645,JX140645,0
JQ028289,JQ028289,0
AY967806,AY967806,0
GQ372080,GQ372080,0
AY751407,AY751407,0
GQ477446,GQ477446,0
JF689883,JF689883,0
AY037281,AY037281,0
FJ496203,FJ496203,0
JQ028293,JQ028293,0
DQ396397,DQ396397,0
AY371136,AY371136,0
GQ477447,GQ477447,0
GQ372084,GQ372084,0
AY779560,AY779560,0
JQ028296,JQ028296,0
FJ388891,FJ388891,0
AF197341,AF197341,0
DQ445632,DQ445632,0
JF689890,JF689890,0
GQ372096,GQ372096,0
AY371138,AY371138,0
JQ028311,JQ028311,0
AY444800,AY444800,0
JX140645,KX228814,0.00742188
FJ388906,FJ388906,0
JX140648,JX140648,0
HM030562,HM030562,0
JQ028323,JQ028323,0
DQ445634,DQ445634,0
GQ372109,GQ372109,0
AF049337,AF049337,0
AY371146,AY371146,0
GQ175882,GQ175882,0
AY444804,AY444804,0
JQ028324,JQ028324,0
FJ670517,FJ670517,0
JQ028324,JQ302679,0.013579
JX140654,JX140654,0
GQ372115,GQ372115,0
JF683736,JF683736,0
AY371147,AY371147,0
JQ028328,JQ028328,0
AY444809,AY444809,0
FJ853622,FJ853622,0
JX140666,JX140666,0
JF683742,JF683742,0
AF190128,AF190128,0
AY371155,AY371155,0
GQ372122,GQ372122,0
EF165539,EF165539,0
FJ388915,FJ388915,0
JX140672,JX140672,0
AY371157,AY371157,0
AF042103,AF042103,0
FJ388920,FJ388920,0
JF683748,JF683748,0
JQ028330,JQ028330,0
GQ372990,GQ372990,0
DQ168573,DQ168573,0
JQ028330,JQ302575,0.0135476
GQ372125,GQ372125,0
JQ028332,JQ028332,0
AY423387,AY423387,0
FJ388923,FJ388923,0
JF683749,JF683749,0
AY371166,AY371166,0
HM026455,HM026455,0
D10112,D10112,0
DQ168575,DQ168575,0
GQ372137,GQ372137,0
JQ028334,JQ028334,0
HM026458,HM026458,0
JX140674,JX140674,0
JF683750,JF683750,0
FJ388928,FJ388928,0
AY371169,AY371169,0
DQ168576,DQ168576,0
GQ372148,GQ372148,0
JQ028336,JQ028336,0
HM208366,HM208366,0
JX140676,JX140676,0
AF049494,AF049494,0
JF683756,JF683756,0
FJ388932,FJ388932,0
AY463221,AY463221,0
AM000055,AM000055,0
KC473831,KC473831,0
GQ372157,GQ372157,0
KC473825,KC473825,0
JF683758,JF683758,0
DQ168578,DQ168578,0
FJ388933,FJ388933,0
AY463232,AY463232,0
KC473833,KC473833,0
DQ366664,DQ366664,0
AF086817,AF086817,0
KC473826,KC473826,0
JF683760,JF683760,0
JF683760,JF683761,0.00540802
FJ388936,FJ388936,0
GU230138,GU230138,0
GQ372176,GQ372176,0
KC473837,KC473837,0
AY463233,AY463233,0
KU749417,KU749417,0
JF683761,JF683761,0
FJ388937,FJ388937,0
AF286224,AF286224,0
GQ372180,GQ372180,0
DQ168579,DQ168579,0
AY586540,AY586540,0
KU749424,KU749424,0
KC473843,KC473843,0
HQ026499,HQ026499,0
HQ026499,HQ026540,0.0128687
AY463236,AY463236,0
JF683763,JF683763,0
FJ388939,FJ388939,0
KU749432,KU749432,0
KC596063,KC596063,0
KC596063,KC596065,0.00876622
EF633445,EF633445,0
DQ054367,DQ054367,0
HQ026503,HQ026503,0
HQ026503,HQ026540,0.0142498
AY585266,AY585266,0
JF683764,JF683764,0
KY658681,KY658681,0
KC596065,KC596065,0
HQ026503,KJ140256,0.0135335
HQ026503,KJ140267,0.0114783
AY271690,AY271690,0
DQ295195,DQ295195,0
GQ372184,GQ372184,0
AF286229,AF286229,0
KY658682,KY658682,0
HQ026511,HQ026511,0
FJ388945,FJ388945,0
KC596068,KC596068,0
AY703910,AY703910,0
KY658686,KY658686,0
GQ372185,GQ372185,0
AY894994,AY894994,0
AF286230,AF286230,0
DQ207940,DQ207940,0
JF683765,JF683765,0
JF683765,JF683808,0.0101081
HQ026525,HQ026525,0
FJ388952,FJ388952,0
AF286230,JX392380,0.0142263
KC596069,KC596069,0
FJ388952,JF683776,0.00880769
KY658702,KY658702,0
EF469243,EF469243,0
GQ372186,GQ372186,0
AY772694,AY772694,0
AF286230,KJ820305,0.0115124
AF286230,KJ820311,0.0142162
AF286231,AF286231,0
KF716460,KF716460,0
KY658706,KY658706,0
AJ866556,AJ866556,0
FJ388957,FJ388957,0
HQ026525,KJ140256,0.0135393
AY352275,AY352275,0
GQ372187,GQ372187,0
KF716463,KF716463,0
KY658709,KY658709,0
HQ026536,HQ026536,0
HQ026536,HQ026540,0.0135745
HQ026536,HQ026541,0.0142091
JF683776,JF683776,0
AF286232,AF286232,0
FJ389364,FJ389364,0
HQ026536,KJ140256,0.0114991
HQ026536,KJ140257,0.0142694
KY658714,KY658714,0
AY772696,AY772696,0
DQ085872,DQ085872,0
HQ026540,HQ026540,0
HQ026540,HQ026541,0.0142517
HQ026540,HQ026542,0.0128646
HQ026540,HQ026553,0.0143073
GQ372193,GQ372193,0
AY772535,AY772535,0
JF683777,JF683777,0
AF286240,AF286240,0
JN248316,JN248316,0
HQ026540,KJ140256,0.0101658
HQ026540,KJ140257,0.0115949
HQ026540,KJ140267,0.010838
KF716466,KF716466,0
FJ900268,FJ900268,0
AY878060,AY878060,0
DQ085873,DQ085873,0
HQ026541,HQ026541,0
JF683778,JF683778,0
GQ372194,GQ372194,0
KF716472,KF716472,0
L02317,L02317,0
FJ864679,FJ864679,0
HQ026541,KJ140256,0.0135566
EF637046,EF637046,0
JN248317,JN248317,0
AY901969,AY901969,0
HQ026542,HQ026542,0
KF716476,KF716476,0
L02317,JQ302658,0.00200726
GQ372200,GQ372200,0
GQ371776,GQ371776,0
AY713418,AY713418,0
HQ026542,KJ140256,0.0135303
HQ026542,KJ140257,0.0135561
L31963,L31963,0
EF637051,EF637051,0
AY901973,AY901973,0
JF683781,JF683781,0
JN248329,JN248329,0
KF716479,KF716479,0
HQ026553,HQ026553,0
GQ371785,GQ371785,0
EF637053,EF637053,0
JN248334,JN248334,0
KF716480,KF716480,0
U88822,U88822,0
AY901977,AY901977,0
JF683785,JF683785,0
AY713419,AY713419,0
GQ372203,GQ372203,0
JN248340,JN248340,0
KF716484,KF716484,0
JF683787,JF683787,0
AY901979,AY901979,0
HQ026553,KJ140256,0.0121896
HQ026553,KJ140257,0.0108376
HQ026553,KJ140261,0.0122199
HQ026553,KJ140267,0.0142525
GQ371793,GQ371793,0
M19921,M19921,0
JN248345,JN248345,0
JX448059,JX448059,0
GQ372219,GQ372219,0
M19921,AB873996,0.00402455
EF637056,EF637056,0
AY713423,AY713423,0
AF423757,AF423757,0
AF423757,AF450096,0.00470044
JN248347,JN248347,0
GQ371816,GQ371816,0
JF683800,JF683800,0
AF423757,FJ670517,0.00808572
AY901981,AY901981,0
AF423757,KC473837,0.0142028
GQ372222,GQ372222,0
KF716484,KX228808,0.000669211
EF694032,EF694032,0
JN248352,JN248352,0
AY970950,AY970950,0
KF716492,KF716492,0
AF450096,AF450096,0
JF683803,JF683803,0
DQ011165,DQ011165,0
AF450096,FJ670517,0.0114891
JN248354,JN248354,0
JX448210,JX448210,0
GQ371820,GQ371820,0
GQ372227,GQ372227,0
EU110094,EU110094,0
AY882421,AY882421,0
JQ901032,JQ901032,0
JN864047,JN864047,0
AJ239083,AJ239083,0
DQ011167,DQ011167,0
JX448234,JX448234,0
GQ372232,GQ372232,0
GQ371821,GQ371821,0
KF716494,KF716494,0
JQ901038,JQ901038,0
JN864055,JN864055,0
JX448278,JX448278,0
AY781126,AY781126,0
DQ011170,DQ011170,0
U51189,U51189,0
JQ901039,JQ901039,0
JX446712,JX446712,0
GQ372233,GQ372233,0
JX448285,JX448285,0
GQ371824,GQ371824,0
JQ901047,JQ901047,0
DQ011172,DQ011172,0
DQ234790,DQ234790,0
KF716496,KF716496,0
JX448296,JX448296,0
JX446736,JX446736,0
AF082395,AF082395,0
GQ372235,GQ372235,0
EF514698,EF514698,0
JQ901051,JQ901051,0
GQ371826,GQ371826,0
JX446769,JX446769,0
DQ011173,DQ011173,0
GQ372257,GQ372257,0
KF859741,KF859741,0
AF170545,AF170545,0
FJ460499,FJ460499,0
FJ460499,FJ460501,0.0142307
JX448311,JX448311,0
JX446957,JX446957,0
JQ901052,JQ901052,0
GQ371855,GQ371855,0
DQ011179,DQ011179,0
GQ372270,GQ372270,0
JX447031,JX447031,0
EF514702,EF514702,0
KF859745,KF859745,0
AJ286133,AJ286133,0
JQ901056,JQ901056,0
FJ460501,FJ460501,0
AB746344,AB746344,0
JX447041,JX447041,0
GQ371857,GQ371857,0
KP109481,KP109481,0
AB703610,AB703610,0
AJ320484,AJ320484,0
EF514706,EF514706,0
JX447057,JX447057,0
KP109485,KP109485,0
DQ056405,DQ056405,0
GQ372284,GQ372284,0
AB703611,AB703611,0
AF361871,AF361871,0
KP109488,KP109488,0
JQ901057,JQ901057,0
EF514712,EF514712,0
JX447194,JX447194,0
AB703613,AB703613,0
DQ056406,DQ056406,0
AY835768,AY835768,0
GQ372286,GQ372286,0
KP109493,KP109493,0
JQ901061,JQ901061,0
AB703614,AB703614,0
JX447308,JX447308,0
EF514713,EF514713,0
KP109494,KP109494,0
DQ056409,DQ056409,0
AB703616,AB703616,0
JQ901062,JQ901062,0
JQ901062,JQ901087,0.0101479
AY835773,AY835773,0
GQ372301,GQ372301,0
AF361876,AF361876,0
EU170135,EU170135,0
EU170135,EU170151,0.00405653
GQ371869,GQ371869,0
JF932470,JF932470,0
KP109499,KP109499,0
JQ901068,JQ901068,0
JF932474,JF932474,0
JQ901069,JQ901069,0
GQ372303,GQ372303,0
DQ056411,DQ056411,0
EU170151,EU170151,0
AF361879,AF361879,0
JF932476,JF932476,0
JQ901073,JQ901073,0
JQ901073,JQ901076,0.00538524
JQ901073,JQ302558,0.0135385
KP109503,KP109503,0
AY835778,AY835778,0
GQ371871,GQ371871,0
JX447316,JX447316,0
JQ901073,KT192020,0.0101465
GQ372306,GQ372306,0
JF932477,JF932477,0
JQ901076,JQ901076,0
EF368370,EF368370,0
KP109504,KP109504,0
AF538302,AF538302,0
JQ901076,KT192020,0.0101487
DQ056415,DQ056415,0
AY945738,AY945738,0
JQ901079,JQ901079,0
GQ371874,GQ371874,0
KP109506,KP109506,0
GQ372314,GQ372314,0
JX447325,JX447325,0
EF368371,EF368371,0
JQ901082,JQ901082,0
DQ056417,DQ056417,0
JF932478,JF932478,0
AF411965,AF411965,0
GQ371887,GQ371887,0
JQ901086,JQ901086,0
GQ372316,GQ372316,0
JX447376,JX447376,0
AY734554,AY734554,0
AB428551,AB428551,0
JF932480,JF932480,0
KP109511,KP109511,0
DQ056418,DQ056418,0
JQ901087,JQ901087,0
JX447409,JX447409,0
JQ302554,JQ302554,0
KP109512,KP109512,0
JQ302666,JQ302666,0
AB428554,AB428554,0
JQ901088,JQ901088,0
DQ093592,DQ093592,0
AY734558,AY734558,0
JQ302668,JQ302668,0
JQ302558,JQ302558,0
KP109521,KP109521,0
JF932482,JF932482,0
JQ901093,JQ901093,0
AY158533,AY158533,0
JQ302670,JQ302670,0
DQ093594,DQ093594,0
JF932491,JF932491,0
KP109522,KP109522,0
JX447413,JX447413,0
AB428560,AB428560,0
JQ302676,JQ302676,0
JX960598,JX960598,0
AY734560,AY734560,0
JQ302559,JQ302559,0
JX392380,JX392380,0
JX447444,JX447444,0
DQ093597,DQ093597,0
AF484478,AF484478,0
JQ302679,JQ302679,0
JQ302564,JQ302564,0
JX390976,JX390976,0
JX960606,JX960606,0
EU786671,EU786671,0
KP109524,KP109524,0
JX447547,JX447547,0
JQ302681,JQ302681,0
JX236677,JX236677,0
JX960608,JX960608,0
DQ093598,DQ093598,0
AF484495,AF484495,0
JQ302566,JQ302566,0
KP109525,KP109525,0
DQ358801,DQ358801,0
JX960611,JX960611,0
JX236678,JX236678,0
JQ302685,JQ302685,0
EU786673,EU786673,0
KU749392,KU749392,0
JX960616,JX960616,0
KC018485,KC018485,0
DQ093602,DQ093602,0
JX447607,JX447607,0
AF492623,AF492623,0
JQ302686,JQ302686,0
DQ358803,DQ358803,0
KC156220,KC156220,0
KU749394,KU749394,0
JX960622,JX960622,0
KC018513,KC018513,0
JQ302690,JQ302690,0
KC312408,KC312408,0
KC018513,KM050728,0.00954492
JQ302568,JQ302568,0
DQ093604,DQ093604,0
DQ358808,DQ358808,0
JX960623,JX960623,0
JX960623,JX960624,0.0108231
KU749396,KU749396,0
KC018549,KC018549,0
AY162223,AY162223,0
JQ302698,JQ302698,0
JQ302698,JQ302744,0.0142858
KC990125,KC990125,0
KC018549,KM050272,0
JX447646,JX447646,0
JX960624,JX960624,0
KU749402,KU749402,0
KC018551,KC018551,0
JQ302703,JQ302703,0
JQ302703,JQ302738,0.00947736
DQ093606,DQ093606,0
KC987969,KC987969,0
KC018551,KM050627,0.00200833
AF457052,AF457052,0
JX960628,JX960628,0
JX447688,JX447688,0
KU749404,KU749404,0
JQ302706,JQ302706,0
KC018563,KC018563,0
JQ302570,JQ302570,0
KC987971,KC987971,0
KC018563,KM050691,0.00882888
DQ164104,DQ164104,0
JQ302711,JQ302711,0
JX447800,JX447800,0
KC018582,KC018582,0
AB231895,AB231895,0
KU749406,KU749406,0
KC988057,KC988057,0
AF457055,AF457055,0
JX960630,JX960630,0
JQ302573,JQ302573,0
JQ302713,JQ302713,0
KC988060,KC988060,0
KU749407,KU749407,0
JX447953,JX447953,0
AY945730,AY945730,0
JX960632,JX960632,0
KC988062,KC988062,0
JQ302574,JQ302574,0
JQ302714,JQ302714,0
JQ302574,JQ302698,0.0142588
AF457064,AF457064,0
KU749411,KU749411,0
JX448015,JX448015,0
JX679207,JX679207,0
KC988068,KC988068,0
JQ302575,JQ302575,0
JQ302717,JQ302717,0
KC018592,KC018592,0
KU749412,KU749412,0
JX112830,JX112830,0
KC988071,KC988071,0
JX976681,JX976681,0
JQ302580,JQ302580,0
AY945732,AY945732,0
AB873992,AB873992,0
JQ302720,JQ302720,0
JX112839,JX112839,0
AB874122,AB874122,0
AB731666,AB731666,0
KC988073,KC988073,0
JX112840,JX112840,0
JQ302722,JQ302722,0
JQ302583,JQ302583,0
AB873996,AB873996,0
AF457067,AF457067,0
KC183782,KC183782,0
KC988074,KC988074,0
KC018618,KC018618,0
DQ823356,DQ823356,0
JQ302725,JQ302725,0
JX112844,JX112844,0
AB874002,AB874002,0
AB874123,AB874123,0
JQ302588,JQ302588,0
KC988117,KC988117,0
JQ302550,JQ302550,0
JQ302588,JQ302703,0.0128831
JQ302588,JQ302738,0.0115146
JX112864,JX112864,0
AB874006,AB874006,0
JQ302736,JQ302736,0
AF457068,AF457068,0
AB874124,AB874124,0
KC988120,KC988120,0
DQ823359,DQ823359,0
JQ302552,JQ302552,0
JX112865,JX112865,0
AB874010,AB874010,0
AB874127,AB874127,0
JQ302738,JQ302738,0
KC988122,KC988122,0
JX112870,JX112870,0
KC018646,KC018646,0
AB874129,AB874129,0
JQ302553,JQ302553,0
AF457070,AF457070,0
AB874011,AB874011,0
JQ302744,JQ302744,0
KC988127,KC988127,0
DQ823362,DQ823362,0
JQ302589,JQ302589,0
AB873909,AB873909,0
KC018646,KM049998,0
AB874131,AB874131,0
AB874021,AB874021,0
AB874226,AB874226,0
KC988129,KC988129,0
AB873913,AB873913,0
AB874133,AB874133,0
AB874133,AB874229,0.00406915
JQ302591,JQ302591,0
AF457083,AF457083,0
AB874229,AB874229,0
KC988141,KC988141,0
AB874024,AB874024,0
DQ823365,DQ823365,0
AB873915,AB873915,0
JQ302746,JQ302746,0
KC018662,KC018662,0
AB874139,AB874139,0
JQ302593,JQ302593,0
KC988145,KC988145,0
AB874231,AB874231,0
AB873919,AB873919,0
AB874241,AB874241,0
KC898979,KC898979,0
KC988148,KC988148,0
KC018776,KC018776,0
AB874028,AB874028,0
JQ302594,JQ302594,0
AB286857,AB286857,0
AB874140,AB874140,0
KC018776,KM049984,0
AB873920,AB873920,0
AB873920,AB874191,0.0136254
AB874243,AB874243,0
KC898996,KC898996,0
KC988158,KC988158,0
AF457084,AF457084,0
JQ302595,JQ302595,0
KC018815,KC018815,0
AB874245,AB874245,0
KC018815,KM050096,0.0130694
AB874141,AB874141,0
JQ302596,JQ302596,0
AB874035,AB874035,0
AB874253,AB874253,0
KC018822,KC018822,0
AB286862,AB286862,0
KC899006,KC899006,0
AB874144,AB874144,0
AB873921,AB873921,0
KC680839,KC680839,0
AY093607,AY093607,0
AB874256,AB874256,0
AB874037,AB874037,0
JQ302598,JQ302598,0
AB874146,AB874146,0
KC680855,KC680855,0
AB873922,AB873922,0
AB874259,AB874259,0
KC018822,KM050606,0.00271902
AB874038,AB874038,0
KC899007,KC899007,0
JQ302602,JQ302602,0
AB287364,AB287364,0
AB874151,AB874151,0
AB874263,AB874263,0
AY173957,AY173957,0
AB874039,AB874039,0
AB873925,AB873925,0
AB874157,AB874157,0
JQ302603,JQ302603,0
AB874266,AB874266,0
AB873926,AB873926,0
KF526228,KF526228,0
AB874041,AB874041,0
AB287366,AB287366,0
AB874160,AB874160,0
AB874267,AB874267,0
JQ302608,JQ302608,0
AB873929,AB873929,0
AB874045,AB874045,0
AY173960,AY173960,0
AB874168,AB874168,0
AB874270,AB874270,0
KF526265,KF526265,0
KC018825,KC018825,0
JQ302611,JQ302611,0
AB254146,AB254146,0
KC018825,KM050596,0.0123021
AB874047,AB874047,0
KF561435,KF561435,0
AB874171,AB874171,0
JX863919,JX863919,0
KC018839,KC018839,0
JQ302618,JQ302618,0
KF384802,KF384802,0
AB873931,AB873931,0
AJ519488,AJ519488,0
KC899008,KC899008,0
AB874048,AB874048,0
JX863921,JX863921,0
JX863921,JX863922,0.00267809
AB874173,AB874173,0
DQ853463,DQ853463,0
JQ302619,JQ302619,0
KF384805,KF384805,0
KC019040,KC019040,0
JX863922,JX863922,0
KC019040,KM050167,0.00883997
AB874057,AB874057,0
AB874174,AB874174,0
KF384806,KF384806,0
KF835533,KF835533,0
JQ302628,JQ302628,0
JX112800,JX112800,0
KC899009,KC899009,0
KF384812,KF384812,0
AB874058,AB874058,0
AB874175,AB874175,0
AB873937,AB873937,0
DQ676881,DQ676881,0
KF835542,KF835542,0
HM210885,HM210885,0
JQ302639,JQ302639,0
KF384813,KF384813,0
JX112808,JX112808,0
KC899013,KC899013,0
AB874176,AB874176,0
KF766541,KF766541,0
AB874059,AB874059,0
JQ302641,JQ302641,0
AB873938,AB873938,0
JX112812,JX112812,0
KC899081,KC899081,0
AB874187,AB874187,0
HM210885,HQ026503,0.0142495
HM210885,HQ026525,0.0135432
HM210885,HQ026536,0.0135742
HM210885,HQ026540,0.0108991
HM210885,HQ026542,0.0128644
HM210885,HQ026553,0.0115279
KC156124,KC156124,0
AB874068,AB874068,0
KF384814,KF384814,0
KM050025,KM050025,0
HM210885,JQ316126,0.0114782
HM210885,JQ316128,0.0108256
JX112814,JX112814,0
KC522035,KC522035,0
AB873949,AB873949,0
AB874191,AB874191,0
AB874073,AB874073,0
JQ302642,JQ302642,0
KC156210,KC156210,0
KM050028,KM050028,0
KM049901,KM049901,0
JX112821,JX112821,0
AB873950,AB873950,0
AB874081,AB874081,0
AB874192,AB874192,0
KC156212,KC156212,0
KM050057,KM050057,0
KC852174,KC852174,0
JQ302643,JQ302643,0
KM049920,KM049920,0
HM210885,KJ140256,0.00605653
HM210885,KJ140257,0.0047158
HM210885,KJ140261,0.00744675
HM210885,KJ140267,0.0122211
AB873955,AB873955,0
AB874084,AB874084,0
KM050068,KM050068,0
AB874196,AB874196,0
KC156214,KC156214,0
KM049923,KM049923,0
KF835497,KF835497,0
JQ302649,JQ302649,0
AB873956,AB873956,0
AB874201,AB874201,0
AB874086,AB874086,0
AY308762,AY308762,0
KM050074,KM050074,0
KC156218,KC156218,0
KF835503,KF835503,0
KM049924,KM049924,0
KM050167,KM050167,0
JQ302650,JQ302650,0
AB873960,AB873960,0
KM050076,KM050076,0
AB874092,AB874092,0
AB874205,AB874205,0
KM050388,KM050388,0
KM050200,KM050200,0
KM050078,KM050078,0
JQ302651,JQ302651,0
KM049925,KM049925,0
AB873961,AB873961,0
KM050394,KM050394,0
KM050394,KM050398,0.0123107
AB874096,AB874096,0
AB874207,AB874207,0
KM050083,KM050083,0
KF835527,KF835527,0
KM050203,KM050203,0
KM050398,KM050398,0
JQ302658,JQ302658,0
AB874102,AB874102,0
AB873966,AB873966,0
KF835530,KF835530,0
KM050085,KM050085,0
KM050588,KM050588,0
AY228556,AY228556,0
KM050412,KM050412,0
AB874108,AB874108,0
AB873967,AB873967,0
KF835531,KF835531,0
JQ302661,JQ302661,0
KM050087,KM050087,0
KM050596,KM050596,0
KM050416,KM050416,0
KF835532,KF835532,0
AB873971,AB873971,0
AB874119,AB874119,0
KM050088,KM050088,0
KM050225,KM050225,0
KM049927,KM049927,0
JQ302663,JQ302663,0
KM050428,KM050428,0
KM050606,KM050606,0
KM050739,KM050739,0
KJ140257,KJ140257,0
KM050088,KM050089,0.00270615
KJ140257,KJ140261,0.00539602
AB873973,AB873973,0
KM050230,KM050230,0
KT152839,KT152839,0
KJ140257,KJ140267,0.0129155
KM049945,KM049945,0
KM050621,KM050621,0
KM050439,KM050439,0
KM050740,KM050740,0
KT183339,KT183339,0
KM050089,KM050089,0
KM050241,KM050241,0
KM050627,KM050627,0
KJ140261,KJ140261,0
KP718917,KP718917,0
KM050449,KM050449,0
KM049949,KM049949,0
KM050090,KM050090,0
KJ140266,KJ140266,0
KP718924,KP718924,0
KM050640,KM050640,0
KM050255,KM050255,0
KM050493,KM050493,0
KM050744,KM050744,0
KP718925,KP718925,0
KT152841,KT152841,0
AB873979,AB873979,0
KM050265,KM050265,0
KM050645,KM050645,0
KJ140267,KJ140267,0
KP718926,KP718926,0
KM050502,KM050502,0
KT183056,KT183056,0
KM050269,KM050269,0
KP718928,KP718928,0
KJ948656,KJ948656,0
KM050093,KM050093,0
KM050649,KM050649,0
KM050525,KM050525,0
KT183077,KT183077,0
KP718931,KP718931,0
KJ948658,KJ948658,0
KM050745,KM050745,0
KM050272,KM050272,0
KM050096,KM050096,0
KJ883137,KJ883137,0
KJ883137,KJ883151,0.00404809
KM049950,KM049950,0
KM050532,KM050532,0
KJ883151,KJ883151,0
KM050751,KM050751,0
KF011495,KF011495,0
KM050286,KM050286,0
KM050113,KM050113,0
KM050543,KM050543,0
KM049965,KM049965,0
KM049965,KM049972,0.00879056
KP178421,KP178421,0
KT183083,KT183083,0
KP235069,KP235069,0
KP235069,KP235169,0.00337596
KM050291,KM050291,0
KP178425,KP178425,0
KM050752,KM050752,0
KR067671,KR067671,0
KM050116,KM050116,0
KM049972,KM049972,0
KT183090,KT183090,0
KM050298,KM050298,0
KT191925,KT191925,0
KP178429,KP178429,0
KJ849790,KJ849790,0
KT183121,KT183121,0
KM050120,KM050120,0
KT191929,KT191929,0
KP178439,KP178439,0
KM049975,KM049975,0
KP235169,KP235169,0
KM050315,KM050315,0
KT183127,KT183127,0
KJ849805,KJ849805,0
KT200349,KT200349,0
KT191931,KT191931,0
KP235197,KP235197,0
KM050661,KM050661,0
KM050124,KM050124,0
KM049980,KM049980,0
KM049980,KM049981,0.0103048
KT200350,KT200350,0
KJ849806,KJ849806,0
KM050316,KM050316,0
KT191937,KT191937,0
KP235199,KP235199,0
KT200353,KT200353,0
KM050666,KM050666,0
KJ849812,KJ849812,0
KT183153,KT183153,0
KT191940,KT191940,0
KM050126,KM050126,0
KM049981,KM049981,0
KM050350,KM050350,0
KT200357,KT200357,0
KP411823,KP411823,0
KJ849815,KJ849815,0
KM050669,KM050669,0
KT191943,KT191943,0
KT191965,KT191965,0
KM050130,KM050130,0
KM049984,KM049984,0
KM050354,KM050354,0
KJ849827,KJ849827,0
KT191968,KT191968,0
KT191944,KT191944,0
KM049998,KM049998,0
KT183199,KT183199,0
KT191969,KT191969,0
KT191950,KT191950,0
KM050547,KM050547,0
KM050141,KM050141,0
KT183201,KT183201,0
KJ197202,KJ197202,0
KT191972,KT191972,0
KT191951,KT191951,0
KP411824,KP411824,0
KM050674,KM050674,0
KM050000,KM050000,0
KM050553,KM050553,0
KM050553,KM050554,0.0101579
KT183223,KT183223,0
KT191975,KT191975,0
KP411838,KP411838,0
KT191953,KT191953,0
KJ849767,KJ849767,0
KT183256,KT183256,0
KT191978,KT191978,0
KM050006,KM050006,0
KM050144,KM050144,0
KP411840,KP411840,0
KT191954,KT191954,0
KM050554,KM050554,0
KT183259,KT183259,0
KT191980,KT191980,0
KT191955,KT191955,0
KP411843,KP411843,0
KM050689,KM050689,0
KT183265,KT183265,0
KT191985,KT191985,0
KM050562,KM050562,0
KM050158,KM050158,0
KM050010,KM050010,0
KT191962,KT191962,0
KP411844,KP411844,0
KT191986,KT191986,0
KT183274,KT183274,0
KM050691,KM050691,0
KT191963,KT191963,0
KM050011,KM050011,0
KT183308,KT183308,0
KF990605,KF990605,0
KT191987,KT191987,0
KM050566,KM050566,0
KT191964,KT191964,0
KM050701,KM050701,0
KT183313,KT183313,0
KF990608,KF990608,0
KT191988,KT191988,0
KT192014,KT192014,0
KF250369,KF250369,0
KT022375,KT022375,0
LC100940,LC100940,0
LC100990,LC100990,0
KT192001,KT192001,0
KT192020,KT192020,0
KM050359,KM050359,0
KM050704,KM050704,0
KT022377,KT022377,0
LC100941,LC100941,0
LC100993,LC100993,0
KT192002,KT192002,0
KT192024,KT192024,0
KF250375,KF250375,0
KT022381,KT022381,0
LC100997,LC100997,0
KM050363,KM050363,0
KT276267,KT276267,0
KM050708,KM050708,0
KT192012,KT192012,0
KT022390,KT022390,0
KF250381,KF250381,0
LC101003,LC101003,0
KT276269,KT276269,0
KT022395,KT022395,0
KT192013,KT192013,0
KM050365,KM050365,0
LC101006,LC101006,0
KM050568,KM050568,0
KF250384,KF250384,0
KM050714,KM050714,0
KT276270,KT276270,0
KR019771,KR019771,0
LC101044,LC101044,0
LC101007,LC101007,0
KM050372,KM050372,0
KM050372,KM050373,0.0101752
KU685589,KU685589,0
KM050727,KM050727,0
KM050022,KM050022,0
KM050570,KM050570,0
KR017773,KR017773,0
LC101053,LC101053,0
LC101012,LC101012,0
KY465969,KY465969,0
LC100942,LC100942,0
LC100902,LC100902,0
LC101055,LC101055,0
KM050373,KM050373,0
LC101025,LC101025,0
KM050728,KM050728,0
LC100944,LC100944,0
KR820304,KR820304,0
LC101062,LC101062,0
LC100909,LC100909,0
LC101100,LC101100,0
LC101031,LC101031,0
KM050382,KM050382,0
LC101063,LC101063,0
KR820326,KR820326,0
LC100957,LC100957,0
LC101104,LC101104,0
LC100911,LC100911,0
LC101032,LC101032,0
KM050736,KM050736,0
KR820342,KR820342,0
LC101064,LC101064,0
LC100958,LC100958,0
LC101111,LC101111,0
LC100926,LC100926,0
LC101038,LC101038,0
KR820394,KR820394,0
LC101079,LC101079,0
LC100959,LC100959,0
LC101141,LC101141,0
LC101113,LC101113,0
LC100931,LC100931,0
LC101181,LC101181,0
LC101040,LC101040,0
KT022364,KT022364,0
LC101081,LC101081,0
LC101114,LC101114,0
LC101143,LC101143,0
LC100932,LC100932,0
LC101225,LC101225,0
LC101182,LC101182,0
KT022365,KT022365,0
LC101088,LC101088,0
LC101150,LC101150,0
LC101150,LC101151,0.0122848
LC101118,LC101118,0
LC101186,LC101186,0
LC101228,LC101228,0
LC100935,LC100935,0
LC101252,LC101252,0
LC101090,LC101090,0
LC101151,LC101151,0
LC101119,LC101119,0
LC101233,LC101233,0
LC101197,LC101197,0
KT427705,KT427705,0
LC101254,LC101254,0
LC101125,LC101125,0
LC101239,LC101239,0
LC101094,LC101094,0
KT427706,KT427706,0
LC101198,LC101198,0
LC100960,LC100960,0
LC101259,LC101259,0
LC101201,LC101201,0
LC100965,LC100965,0
LC101097,LC101097,0
KT427661,KT427661,0
LC101128,LC101128,0
LC101155,LC101155,0
KT427674,KT427674,0
LC101205,LC101205,0
KM050575,KM050575,0
LC100966,LC100966,0
KC870034,KC870034,0
KT427746,KT427746,0
KT427693,KT427693,0
LC101206,LC101206,0
KT427747,KT427747,0
KT427694,KT427694,0
LC100972,LC100972,0
KJ140256,KJ140256,0
KJ140256,KJ140257,0.00673722
KJ140256,KJ140261,0.00947646
KJ140256,KJ140267,0.0114988
KT427755,KT427755,0
KT427696,KT427696,0
KM050577,KM050577,0
LC101137,LC101137,0
LC101156,LC101156,0
KT427764,KT427764,0
KT427700,KT427700,0
LC100982,LC100982,0
KT427774,KT427774,0
LC101208,LC101208,0
KT427811,KT427811,0
KT427714,KT427714,0
KT427873,KT427873,0
KT427783,KT427783,0
KT427820,KT427820,0
LC101218,LC101218,0
KU168274,KU168274,0
AB845349,AB845349,0
LC101164,LC101164,0
LC100984,LC100984,0
KT427799,KT427799,0
LC101244,LC101244,0
KT427823,KT427823,0
KT427721,KT427721,0
KU168276,KU168276,0
KU341722,KU341722,0
KX505616,KX505616,0
KT427806,KT427806,0
KT427827,KT427827,0
KU168277,KU168277,0
KT427732,KT427732,0
KU341723,KU341723,0
LC101246,LC101246,0
KT124782,KT124782,0
KT124755,KT124755,0
KU319533,KU319533,0
KT427829,KT427829,0
KU168304,KU168304,0
KM248765,KM248765,0
KT124787,KT124787,0
KT124756,KT124756,0
KT427734,KT427734,0
KU319534,KU319534,0
LC101247,LC101247,0
LC101167,LC101167,0
AB845347,AB845347,0
KT427831,KT427831,0
KT124789,KT124789,0
KT983615,KT983615,0
KT124766,KT124766,0
KU319542,KU319542,0
KT427740,KT427740,0
LC101248,LC101248,0
KT427845,KT427845,0
KT124810,KT124810,0
KX505419,KX505419,0
KT124768,KT124768,0
AB845348,AB845348,0
KU319543,KU319543,0
KT427741,KT427741,0
KT124811,KT124811,0
KT427865,KT427865,0
KT124772,KT124772,0
KX505475,KX505475,0
KU319548,KU319548,0
KU678164,KU678164,0
LC101249,LC101249,0
KT124812,KT124812,0
KT427742,KT427742,0
KU319551,KU319551,0
KU992934,KU992934,0
KT124779,KT124779,0
KX228808,KX228808,0
FM877777,FM877777,0
KU050200,KU050200,0
KU992935,KU992935,0
LC101250,LC101250,0
KX692543,KX692543,0
KU050225,KU050225,0
KX228809,KX228809,0
KU050269,KU050269,0
KU050269,KU050271,0.00404665
KU050269,KU050674,0.00268851
KJ704793,KJ704793,0
LC101169,LC101169,0
KU050201,KU050201,0
KU992936,KU992936,0
KU050271,KU050271,0
KX228814,KX228814,0
KX907341,KX907341,0
KU050271,KU050674,0.00269333
KU050240,KU050240,0
KX692679,KX692679,0
KX907344,KX907344,0
KU310620,KU310620,0
KX692741,KX692741,0
KT869027,KT869027,0
KU050242,KU050242,0
KX907363,KX907363,0
KU050209,KU050209,0
KU050277,KU050277,0
KX907347,KX907347,0
KT372795,KT372795,0
KX907366,KX907366,0
KU050257,KU050257,0
KU050257,KU050258,0.0142387
KU050674,KU050674,0
KU050212,KU050212,0
KU992928,KU992928,0
LC101139,LC101139,0
KX907401,KX907401,0
KX907370,KX907370,0
KY112580,KY112580,0
KU050258,KU050258,0
KX389634,KX389634,0
KU050214,KU050214,0
KX907425,KX907425,0
LC101177,LC101177,0
KX907395,KX907395,0
KY392777,KY392777,0
KU901997,KU901997,0
KX389640,KX389640,0
KU820825,KU820825,0
KU820825,KU820844,0.00405121
KU820825,KU820845,0.00812662
KX907429,KX907429,0
KX582250,KX582250,0
KU820834,KU820834,0
KU820834,KU820839,0.0109121
KU820843,KU820843,0
KX389612,KX389612,0
KU820834,KU820842,0.0114891
KX389643,KX389643,0
KX692744,KX692744,0
KU820831,KU820831,0
KU820823,KU820823,0
KY112135,KY112135,0
LC101180,LC101180,0
KU820846,KU820846,0
KU820834,KU820843,0.00470624
KU820823,KU820833,0.00876936
KU820844,KU820844,0
KX389620,KX389620,0
KU820833,KU820833,0
KX232614,KX232614,0
KX232627,KX232627,0
KJ820165,KJ820165,0
KU820823,KU820834,0.0108226
KU820851,KU820851,0
KU820844,KU820845,0.00809928
KU820833,KU820834,0.0115032
KJ820169,KJ820169,0
KU820833,KU820842,0.00134079
KU820823,KU820842,0.00875736
KU820839,KU820839,0
KX232622,KX232622,0
KU820833,KU820843,0.0101275
KU820823,KU820843,0.01017
KU820839,KU820843,0.00816106
KJ820188,KJ820188,0
KJ820152,KJ820152,0
KJ820166,KJ820166,0
KU820845,KU820845,0
KX232600,KX232600,0
KJ820201,KJ820201,0
KJ820220,KJ820220,0
KJ820170,KJ820170,0
KX232623,KX232623,0
KJ820200,KJ820200,0
KJ820207,KJ820207,0
KJ820244,KJ820244,0
KJ820221,KJ820221,0
KJ820250,KJ820250,0
KJ820256,KJ820256,0
KJ820266,KJ820266,0
KU820842,KU820842,0
KJ820272,KJ820272,0
KU820842,KU820843,0.010793
KJ820245,KJ820245,0
KJ820253,KJ820253,0
KJ820285,KJ820285,0
KJ820296,KJ820296,0
KJ820258,KJ820258,0
KJ820267,KJ820267,0
KJ820298,KJ820298,0
KJ820302,KJ820302,0
KJ820303,KJ820303,0
KJ820305,KJ820305,0
KJ820311,KJ820311,0
KJ820321,KJ820321,0
KJ820324,KJ820324,0
KJ820332,KJ820332,0
KJ820359,KJ820359,0
KJ820367,KJ820367,0
KJ820370,KJ820370,0
KJ820380,KJ820380,0
KJ820389,KJ820389,0
KJ820394,KJ820394,0
KJ820398,KJ820398,0
KJ820405,KJ820405,0
KJ820407,KJ820407,0
KX673818,KX673818,0
KX673819,KX673819,0
AY331292,AY331292,0
EF178352,EF178352,0
GQ372039,GQ372039,0
JF683741,JF683741,0
JX447312,JX447312,0
AB873945,AB873945,0
AB874100,AB874100,0
AB874224,AB874224,0
KM050032,KM050032,0
KM050055,KM050055,0
KJ849796,KJ849796,0
KT191998,KT191998,0
KX389648,KX389648,0
KM050709,KM050709,0
KJ820309,KJ820309,0
GQ372220,GQ372220,0
